Name;Bilddatei;Übersetzung;Transkription;KorrekteGardinersequenz;VorhersageGardinersequenz;KorrekteRichtung;VorhergesagteRichtung;LevenshteinDistanz;LängeKorrekteSequenz
PT 245 (komplett);PT245_komplett.jpg;"Dieser Unas kommt zu dir, Nut, dieser Unas kommt zu dir, Nut, nachdem er seinen Vater zur Erde geworfen hat, nachdem er Horus hinter sich gelassen hat. Seine Flügel sind wie (die) ein(es) Falken gewachsen; 〈seine〉 beiden Federn sind wie (die) ein(es) $gmḥs.w$-Raubvogels. Sein Ba hat ihn gebracht und seine Zauberkräfte haben ihn ausgestattet. Du sollst deinen Platz im Himmel unter den Sternen des Himmels einnehmen, denn du bist ja der einzelne Stern an der Schulter der Nut. Mögest du doch auf Osiris hinab schauen, wie er den Achu gebietet. Du stehst entfernt von ihm. Du gehörst nicht zu ihnen. Du wirst nicht unter ihnen sein.";jyi̯ n =ṯ Wnjs pn Nw,t jyi̯ n =ṯ Wnjs pn Nw,t qmꜣ.n =f jt(j) =(f) r tꜣ fḫ.n =f Ḥr,w m-ḫt =f rd ḏnḥ.du =f m b(j)k j(w) šw,t.j =〈f〉 m gmḥs,w jni̯.n sw bꜣ =f ḥtm.n sw ḥkꜣ.pl =f wpi̯ =k s,t =k m p,t m-ꜥb sbꜣ.pl n(,j).w p,t n ṯwt js sbꜣ wꜥ,tj r rmn Nw,t ḥw ꜣ mꜣ =k ḥr-tp (W)sjr wḏ =f mdw n ꜣḫ.pl ṯwt ꜥḥꜥ.tj ḥri̯.t(j) r =f n ṯw jm =sn n wnn =k jm =sn;M18 N35 V13 E34 N35 M17 S29 Q3 N35 W24 X1 M18 N35 V13 E34 N35 M17 S29 Q3 N35 W24 X1 N29 T15 N35  I9 X1 I9 D21 N17 I9 Aa1 N35 I9 G5 G17 M3 X1 I9 D21 D46 M173 I10 G21a H5 H5 I9 G17 D58 V31 G5 M17 N37 H6 U33 M17 G17 W12 G17 V28 M23 G43 G158 M17 W25 N35 N35 M23 G43 G29a I9 V28 X1 U15 G38 N35 M23 G43 V28 D28 D28 D28 I9 G43 F13 V31 Q1 X1 V31 G17 Q3 X1 N1 G17 D36 D58 W10 N14 N14 N14 W24 Z1 Q3 X1 N1 N35 V13 G43 X1 M17 S29 N14 G43 T21 U33 M17 D21 D210 W24 X1 V28 G43 G1 U1 D4 V31 D2 D1 Q1 D4 V24 G43 I9 S43 G17 D46 N35 G25 G25 G25 V13 G43 X1 P6 U33 V28 D21 X1 D21 I9 D35 V13 G43 M17 G17 S29 N35 D35 E34 N35 N35 V31 M17 G17 S29 N35;;;;;
PT 245 (Teil 1);PT245_Teil1.jpg;"Dieser Unas kommt zu dir, Nut, dieser Unas kommt zu dir, Nut, nachdem er seinen Vater zur Erde geworfen hat, nachdem er Horus hinter sich gelassen hat. Seine Flügel sind wie (die) ein(es) Falken gewachsen; 〈seine〉 beiden Federn sind wie (die) ein(es) $gmḥs.w$-Raubvogels.";jyi̯ n =ṯ Wnjs pn Nw,t jyi̯ n =ṯ Wnjs pn Nw,t qmꜣ.n =f jt(j) =(f) r tꜣ fḫ.n =f Ḥr,w m-ḫt =f rd ḏnḥ.du =f m b(j)k j(w) šw,t.j =〈f〉 m gmḥs,w ;M18 N35 V13 E34 N35 M17 S29 Q3 N35 W24 X1 M18 N35 V13 E34 N35 M17 S29 Q3 N35 W24 X1 N29 T15 N35  I9 X1 I9 D21 N17 I9 Aa1 N35 I9 G5 G17 M3 X1 I9 D21 D46 M173 I10 G21a H5 H5 I9 G17 D58 V31 G5 M17 N37 H6 U33 M17 G17 W12 G17 V28 M23 G43 G158 ;;;;;
PT 245 (Teil 2);PT245_Teil2.jpg;Sein Ba hat ihn gebracht und seine Zauberkräfte haben ihn ausgestattet. Du sollst deinen Platz im Himmel unter den Sternen des Himmels einnehmen, denn du bist ja der einzelne Stern an der Schulter der Nut.;jni̯.n sw bꜣ =f ḥtm.n sw ḥkꜣ.pl =f wpi̯ =k s,t =k m p,t m-ꜥb sbꜣ.pl n(,j).w p,t n ṯwt js sbꜣ wꜥ,tj r rmn Nw,t;M17 W25 N35 N35 M23 G43 G29a I9 V28 X1 U15 G38 N35 M23 G43 V28 D28 D28 D28 I9 G43 F13 V31 Q1 X1 V31 G17 Q3 X1 N1 G17 D36 D58 W10 N14 N14 N14 W24 Z1 Q3 X1 N1 N35 V13 G43 X1 M17 S29 N14 G43 T21 U33 M17 D21 D210 W24 X1;;;;;
PT 245 (Teil 3);PT245_Teil3.jpg;Mögest du doch auf Osiris hinab schauen, wie er den Achu gebietet. Du stehst entfernt von ihm. Du gehörst nicht zu ihnen. Du wirst nicht unter ihnen sein.;ḥw ꜣ mꜣ =k ḥr-tp (W)sjr wḏ =f mdw n ꜣḫ.pl ṯwt ꜥḥꜥ.tj ḥri̯.t(j) r =f n ṯw jm =sn n wnn =k jm =sn;V28 G43 G1 U1 D4 V31 D2 D1 Q1 D4 V24 G43 I9 S43 G17 D46 N35 G25 G25 G25 V13 G43 X1 P6 U33 V28 D21 X1 D21 I9 D35 V13 G43 M17 G17 S29 N35 D35 E34 N35 N35 V31 M17 G17 S29 N35;;;;;
PT 246 (komplett);PT246_komplett.jpg;"Seht, wie dieser Unas als Bock aufgestanden ist, mit den Hörnern auf ihm (wie) zwei Wildstiere. Denn du bist ja der schwarze Widder, Sohn des schwarzen Schafs, den das helle Schaf geboren hat, den vier $wꜣp.t$-Schafe gesäugt haben. Es kommt der blauäugige Horus zu euch. Hütet euch vor dem rotäugigen Horus mit schlimmer Kraft - sein Ba kann nicht abgewehrt werden. Seine Boten gehen, sein Eilbote läuft, und sie melden dem, der den Arm im Osten hebt, das Weggehen dieses Einen, der du bist, von dem der Gott(?)/Dewen-anwi(?) sagte: ""Er befiehlt (meinen ?) Vätern, den Göttern."" Die Götter schweigen deinetwegen, die Neunheit hat ihre Hand auf ihren Mund gelegt vor diesem Einen, der du bist, von dem der Gott(?)/Dewen-anwi(?) sagte: ""Er befiehlt (meinen ?) Vätern, den Göttern."" Steh an den beiden Türflügeln des Horizontes, öffne die beiden Türflügel des Wassergebietes (des Himmels) und steh vor ihnen wie Geb, der vor seiner Neunheit ist. Treten sie ein, werden sie das Übel niederschlagen (?), gehen sie heraus, werden sie ihr Gesicht heben, so daß sie dich sehen können wie Min, der an der Spitze der beiden Kapellen ist. Jemand steht hinter dir, dein Bruder steht hinter dir, dein Angehöriger(?) steht hinter dir. Du wirst nicht zu Grunde gehen, du wirst nicht aufhören (zu existieren). Dein Name wird bei den Menschen dauern, (so wie) dein Name bei den Göttern existieren/entstehen wird.";mꜣ ꜥḥꜥ.t Wnjs pn m bꜣ ꜥb.du tp =f sm(ꜣ).du n ṯwt js zj km zꜣ zj,t km.t msi̯.w zj,t bꜣq.t snq.w fd.t wꜣp,t jyi̯ r =ṯn Ḥr,w ḫsbḏ jr(,t).du zꜣ ṯn Ḥr,w dš(r) jr(,t).du mr ꜣ,t n ḫsf bꜣ =f zj jn(,w).pl =f bṯ sjn =f ḥww =sn n ḏsr rmn ḥr jꜣb,tt šm.t wꜥ pn jm(,j) =k ḏd nṯr wḏ =f mdw n jt(j).pl nṯr.pl j:gr n =k nṯr.pl di̯.n psḏ,t ꜥ =sn jr rʾ =sn tp-rd.du wꜥ pn jm(,j) =k ḏd.w nṯr wḏ =f mdw n jt(j).pl nṯr.pl ꜥḥꜥ r ꜥꜣ.du ꜣḫ,t j:zn ꜥꜣ.du qbḥ(,w) ꜥḥꜥ =k ḫnt =sn Gbb js ḫnt(,j) psḏ,t =f ꜥq =sn j:ḥ(w) =sn sḏb pri̯ =sn fꜣi̯ =sn ḥr =sn mꜣ =sn ṯw Mnw js ḫnt(,j) jtr(,t).du ꜥḥꜥ ꜥḥꜥ ḥꜣ =k ꜥḥꜥ sn =k ḥꜣ =k ꜥḥꜥ n(,j)-s(w) =k ḥꜣ =k n ski̯ =k n tm =k nḫj rn =k ḫr r(m)ṯ ḫpr rn =k ḫr nṯr.pl;U1 D4 G1 P6 D36 X1 E34 N35 M17 S29 Q3 N35 G17 W10 F16 F16 D1 I9 S29 G17 E2 E2 N35 V13 G43 X1 M17 S29 O34 M17 G17 G39 O34 M17 X1 X1 F31 G43 O34 M17 X1 G29 M46b N29 X1 S29 N35 G43 N29 D27a I9 D46 X1 Z1 Z1 Z1 Z1 V4 Q3 X1 M18 D21 V13 N35 G5 Aa1 S29 D58 I10 N33 D4 D4 V16 G1 V13 N35 G5 D46 N37 G27 D4 D4 U23 G17 D21 G1 X1 F90 D35 Aa1 S29 U34 I9 G29a I9 O35 M17 W25 W25 W25 I9 D58 V13 D286 S29 M17 N35 N32 D286 I9 V28 G43 G43 S29 N35 N35 D45 D21 D210 D2 R15 X1 X1 N40 G17 X1 G43 T21 Z1 Q3 N35 M17 G17 V31 I10 D46 G7 V24 G43 I9 S43 G17 D46 G43 N35 M17 X1 M17 X1 M17 X1 R8a M17 W12 D21 N35 V31 R8a D46 N25 R8a R8a R8a D36 S29 N35 M17 D21 D21 Z1 S29 N35 D2 D56 D56 T21 Z1 Q3 N35 M17 G17 V31 I10 D46 G43 G7 V24 G43 I9 S43 G17 D46 G43 N35 M17 X1 M17 X1 M17 X1 R8a P6 D36 D21 O31 O31 G25 Aa1 X1 N17 M17 O34 N35 N37 O31 O31 W16 P6 D36 V31 W18 X1 S29 N35 G38 D58 M17 S29 W18 X1 R8a R8a R8a X1 I9 G35 S29 N35 M17 V28 S29 N35 S29 I10 D58 O1 D21 S29 N35 I9 G1 S29 N35 D2 S29 N35 U1 D4 S29 N35 V13 G43 R23 M17 S29 W18 X1 O19a O20 P6 P6 M16 V31 P6 T22 N35 V31 M16 V31 P6 N35 S29 V31 M16 V31 D35 S29 V31 V31 D35 X1 U15 D35 V31 N35 Aa1 M17 D21 N35 V31 Aa1 D21 D21 V13 Aa1 Q3 L1 D21 D21 N35 V31 Aa1 D21 R8a;;;;;
PT 246 (Teil 1);PT246_Teil1.jpg;Seht, wie dieser Unas als Bock aufgestanden ist, mit den Hörnern auf ihm (wie) zwei Wildstiere. Denn du bist ja der schwarze Widder, Sohn des schwarzen Schafs, den das helle Schaf geboren hat, den vier $wꜣp.t$-Schafe gesäugt haben. Es kommt der blauäugige Horus zu euch. Hütet euch vor dem rotäugigen Horus mit schlimmer Kraft - sein Ba kann nicht abgewehrt werden.;mꜣ ꜥḥꜥ.t Wnjs pn m bꜣ ꜥb.du tp =f sm(ꜣ).du n ṯwt js zj km zꜣ zj,t km.t msi̯.w zj,t bꜣq.t snq.w fd.t wꜣp,t jyi̯ r =ṯn Ḥr,w ḫsbḏ jr(,t).du zꜣ ṯn Ḥr,w dš(r) jr(,t).du mr ꜣ,t n ḫsf bꜣ =f;U1 D4 G1 P6 D36 X1 E34 N35 M17 S29 Q3 N35 G17 W10 F16 F16 D1 I9 S29 G17 E2 E2 N35 V13 G43 X1 M17 S29 O34 M17 G17 G39 O34 M17 X1 X1 F31 G43 O34 M17 X1 G29 M46b N29 X1 S29 N35 G43 N29 D27a I9 D46 X1 Z1 Z1 Z1 Z1 V4 Q3 X1 M18 D21 V13 N35 G5 Aa1 S29 D58 I10 N33 D4 D4 V16 G1 V13 N35 G5 D46 N37 G27 D4 D4 U23 G17 D21 G1 X1 F90 D35 Aa1 S29 U34 I9 G29a I9;;;;;
PT 246 (Teil 2);PT246_Teil2.jpg;"Seine Boten gehen, sein Eilbote läuft, und sie melden dem, der den Arm im Osten hebt, das Weggehen dieses Einen, der du bist, von dem der Gott(?)/Dewen-anwi(?) sagte: ""Er befiehlt (meinen ?) Vätern, den Göttern."" Die Götter schweigen deinetwegen, die Neunheit hat ihre Hand auf ihren Mund gelegt vor diesem Einen, der du bist, von dem der Gott(?)/Dewen-anwi(?) sagte: ""Er befiehlt (meinen ?) Vätern, den Göttern."" "; zj jn(,w).pl =f bṯ sjn =f ḥww =sn n ḏsr rmn ḥr jꜣb,tt šm.t wꜥ pn jm(,j) =k ḏd nṯr wḏ =f mdw n jt(j).pl nṯr.pl j:gr n =k nṯr.pl di̯.n psḏ,t ꜥ =sn jr rʾ =sn tp-rd.du wꜥ pn jm(,j) =k ḏd.w nṯr wḏ =f mdw n jt(j).pl nṯr.pl;O35 M17 W25 W25 W25 I9 D58 V13 D286 S29 M17 N35 N32 D286 I9 V28 G43 G43 S29 N35 N35 D45 D21 D210 D2 R15 X1 X1 N40 G17 X1 G43 T21 Z1 Q3 N35 M17 G17 V31 I10 D46 G7 V24 G43 I9 S43 G17 D46 G43 N35 M17 X1 M17 X1 M17 X1 R8a M17 W12 D21 N35 V31 R8a D46 N25 R8a R8a R8a D36 S29 N35 M17 D21 D21 Z1 S29 N35 D2 D56 D56 T21 Z1 Q3 N35 M17 G17 V31 I10 D46 G43 G7 V24 G43 I9 S43 G17 D46 G43 N35 M17 X1 M17 X1 M17 X1 R8a;;;;;
PT 246 (Teil 3);PT246_Teil3.jpg;Steh an den beiden Türflügeln des Horizontes, öffne die beiden Türflügel des Wassergebietes (des Himmels) und steh vor ihnen wie Geb, der vor seiner Neunheit ist. Treten sie ein, werden sie das Übel niederschlagen (?), gehen sie heraus, werden sie ihr Gesicht heben, so daß sie dich sehen können wie Min, der an der Spitze der beiden Kapellen ist.;ꜥḥꜥ r ꜥꜣ.du ꜣḫ,t j:zn ꜥꜣ.du qbḥ(,w) ꜥḥꜥ =k ḫnt =sn Gbb js ḫnt(,j) psḏ,t =f ꜥq =sn j:ḥ(w) =sn sḏb pri̯ =sn fꜣi̯ =sn ḥr =sn mꜣ =sn ṯw Mnw js ḫnt(,j) jtr(,t).du ꜥḥꜥ ꜥḥꜥ ḥꜣ =k ꜥḥꜥ sn =k ḥꜣ =k ꜥḥꜥ n(,j)-s(w) =k ḥꜣ =k n ski̯ =k n tm =k nḫj rn =k ḫr r(m)ṯ ḫpr rn =k ḫr nṯr.pl;P6 D36 D21 O31 O31 G25 Aa1 X1 N17 M17 O34 N35 N37 O31 O31 W16 P6 D36 V31 W18 X1 S29 N35 G38 D58 M17 S29 W18 X1 R8a R8a R8a X1 I9 G35 S29 N35 M17 V28 S29 N35 S29 I10 D58 O1 D21 S29 N35 I9 G1 S29 N35 D2 S29 N35 U1 D4 S29 N35 V13 G43 R23 M17 S29 W18 X1 O19a O20;;;;;
PT 246 (Teil 4);PT246_Teil4.jpg;Jemand steht hinter dir, dein Bruder steht hinter dir, dein Angehöriger(?) steht hinter dir. Du wirst nicht zu Grunde gehen, du wirst nicht aufhören (zu existieren). Dein Name wird bei den Menschen dauern, (so wie) dein Name bei den Göttern existieren/entstehen wird.;ꜥḥꜥ ꜥḥꜥ ḥꜣ =k ꜥḥꜥ sn =k ḥꜣ =k ꜥḥꜥ n(,j)-s(w) =k ḥꜣ =k n ski̯ =k n tm =k nḫj rn =k ḫr r(m)ṯ ḫpr rn =k ḫr nṯr.pl;P6 P6 M16 V31 P6 T22 N35 V31 M16 V31 P6 N35 S29 V31 M16 V31 D35 S29 V31 V31 D35 X1 U15 D35 V31 N35 Aa1 M17 D21 N35 V31 Aa1 D21 D21 V13 Aa1 Q3 L1 D21 D21 N35 V31 Aa1 D21 R8a;;;;;
Allen_Intro;Allen_Intro.jpg;Siehe, ihre Worte sind festgelegt in Schriften. Rolle (sie) auf, (damit) du (sie) liest/rezitierst;m =k mdw.t =sn mn m zẖꜣ pgꜣ šdi̯ =k ;G17 D36 V31 S43 D46 X1 A2 Z3a S29 N35 Z2 Y5 N35 Y1 G17 Y4 Y1 Z2 Q3 W12 G1 D32 D40 F30 D46 A2 V31;;;;;
Denkstein vom Jahre 25 zu Sarbut el chadim (1);SetheIII_S886unten.jpg;;;S34 G5 E1 D40 N28 G17 R19 X1 O49 G16 V29 M23 X1 M17a N5 Z1 W19 G17 Q3 X1 N1 S42 G8 F3 F3 D45 N28 Z2 M23 X1 L2 X1 N5 Y5 L1 R8 F35 V30 F40 X1 F34 V30 N28 D36 G43 Z2 V15 X1 F35 S1 W9 G17 S42 Aa1 X1 Z4;;;;;
Denkstein vom Jahre 25 zu Sarbut el chadim (2);SetheIII_S887oben.jpg;;;W9 G17 S42 Aa1 X1 Z4 S6 G17 S34 S40 X1 M17 X1 D17 N5 Z1 F31a S29 G1 X1 Z4 I9 D21 D37 N35 I9 S38 N29 I9 N21 N21 G39 Z1 V24 X1 S1 F31a S29 N35 D46 N37 D21 S3 X1 D21 N35 N35 G36 D21 X1 Z4 V28 D28 Z2 I13 I13 O1 D21 X1 U13 N33a G25 Aa1 X1 N35 X1 U15 A40 S29 G43 V28 X1 H8 S29 D58 N29 X1 M40 N35 X1 L1 D21 M17 A40 S29 D36 V28 E7 Y1 N35 C10 M17 G43 I9 G17 F32 X1 Z1;;;;;
Denkstein vom Jahre 25 zu Sarbut el chadim (3);SetheIII_S887mitte.jpg;;;M17 G43 I9 G17 F32 X1 Z1 D21 D37 M17a N35 I9 I6 G17 X1 O49 G28 X1 N25 M26 N16 M15 O49 O49 G17 Aa1 I9 D36 I9 G30 I9 G17 Q3 X1 N1 G54 I9 M3 Aa1 X1 N17 D2 D21 M17a X1 Aa19 D40 Z2 I9 M3 Aa1 X1 N25 X1 Z1 V30 X1 M23 X1 N35 A42 Z3 S38 N29 S38 S38 S38 M17 V13 N25 N5 N35 N16 N16 N16 V30 G38 N5 G26 F31a F35 L1 Z2;;;;;
Denkstein des Wesir zu Uriage (1);SetheIV_S1032oben.jpg;;;I10 D46 I9 A26 S34 G43 Z3 D1 Z2 N16 Z1 N21 Y4 Z3 V28 T28 D58 Z3 D60 Z3 D31a Z3 U3 X1 S29 N35 P6 Z1 O39 Q3 N35 O34 M22a N35 M17 D36 F44 M17 D1 Z1 N16 Z1 N21 S29 M12 M17 G17 R10a;;;;;
Denkstein des Wesir zu Uriage (2);SetheIV_S1032mitte.jpg;;;W14 V13 N35 Z2 U6 V13 N35 R8 Z2 V13 N35 V28 M42 N35 F1a Z2 V13 N35 G17 S34 S29 V25 V13 N35 Z2 O44 X1 Z2 V13 N35 N35 A17 Z2 V13 N35 I10 D46 V13 N35 Z2 M23 X1 R4 X8 M17 Y5 N35 N5 Z1 X1 U15 A40 N35 D28 N35 F20 O49 G40 X1 Z1 F12 S29 D21 Aa11 P8 T18 D54 I9 V30 I9 M17 Y5 N35 D36 I9 Aa11 X1 C10 G17 N5 T28 X1 D46 D21 Q3 X1 I9 G17 D27 D27 G36a D35 S24 V29 V31 D21 N35 I9 I10 X1 N17;;;;;
Denkstein des Wesir zu Uriage (3);SetheIV_S1032unten.jpg;;;P5 N35 D21 Z1 G25 Aa1 Y1a N35 E31 D35 N35 U19 W24 G43 G17 G36 D21 D46 X1 A7 T28 D21 S29 M17 G43 M17 X8 M17 W14 X1 G43 N35 N35 X1 Z4 G17 S36 X1 Z1 M17 A51 S29 S29 M17 G17;;;;;
〈Stele des Inhernacht (BM EA 575)〉 (Ausschnitt);SteleInhernacht_Ausschnitt.jpg;" 7. Regierungsjahr unter der Majestät des Horus: Netjericheperu; die beiden Herrinnen: Netjerimesut; des Königs von Unter- und Oberägypten: Chakaure; des Sohnes des Re: Sesostris, dem ewiglich Leben gegeben ist.  Sein wahrer Diener seiner Vorliebe, der macht, was er alles lobt, als täglichen Bedarf, der Vorsteher des Hauses der Getreidezählung, Inhernacht, der Gerechtfertigte, er sagt:  An der Treppe des großen Gottes, des Herrn des Lebens, der Abydos vorsteht, habe ich doch dieses Monument errichtet, um Opferspenden, Weihrauch, und Gottesopfer auf dem Opfertisch des großen Gottes zu empfangen. ";rnp,t-zp 7 ḫr ḥm n Ḥr Nṯr(,j)-ḫpr,w Nb,tj Nṯr(,j)-msw,t nswt-bj,tj Ḫꜥi̯-kꜣ,pl-Rꜥ zꜣ-Rꜥ S-n-wsr,t di̯(.w) ꜥnḫ ḏ,t bꜣk =f mꜣꜥ n-s,t-jb =f jrr ḥzz.t =f nb.t m ẖr,t-hrw n.t rꜥ-nb jm,j-rʾ{r}-pr-ḥsb-jt Jn-ḥr-nḫt mꜣꜥ-ḫrw ḏd =f jri̯.n =j gr,t mꜥḥꜥ,t tn r rd n nṯr-ꜥꜣ nb-ꜥnḫ ḫnt(,j)-ꜣbḏ,w n-mr(w),t šsp 〈ꜥ〉ꜣb,t.pl snṯr ḥtp.pl-nṯr;M4 X1 O50 Z2 Z1 Z1 Z1 Z1 Aa1 D21 U36 Z1 N35 G5 R8 L1 G43 G16 R8 F31 X1G43 M23 X1 L2 X1 N5 N28 D28 D28 D28 G39 N5 F12 S29 D21 X1 O34 N35 X8 S34 I10 X1 N17 G29a V31 I9 U2 Aa11 D36 N35 Q1 X1 F34 Z1 I9 D4 D21 V28 W14 O34 O34 X1 I9 V30 X1 G17 T28 D21 X1 N5 Z1 N35 X1 N5 Z1 V30 F20 D21 O1 Aa2 M33 U9 Z2 W25 N31 N35 M3 Aa1 X1 A24 Aa11 P8 I9a D46 I9 D4 N35 A1 W11 D21 X1 G17 D42 P6 X1 O1 X1 N35 D21 D21 D46 O40 N35 R8 Z1 O29 V30 S34 W17 X1 U23 D58 N26 O49 N35 U7 D21 X1 O42 Q3 D36 G1 D58 X1 M19 Z2 R8 T22 N35 V14 D21 Z2 R8 R4 X1 Q3 X4 Z3;;;;;
Recto: Der beredte Bauer (Version R) (Episode 1);Allen_BeredterBauer.jpg;"Es gab (einmal) einen Mann, dessen Namen Den-Anubis-geschützt-hat war. Er war ein Landmann des Wadi Natrun. Weiter gab es seine Frau, deren Name [Me]ret war. Nun sagte dieser (oder: besagter/erwähnter) Landmann zu dieser seiner Frau: ""Siehe, ich bin dabei, nach Ägypten hinunterzugehen, 
um dort Essen für meine Kinder zu holen/kaufen. Geh denn und miß mir die Gerste, die in der Vorratskammer ist als der Rest der Gerste von gestern (?) (d.h. der Rest der Gerste, die normalerweise vorrätig ist)!"" Da maß {er} 〈sie〉 für {sie} 〈ihn〉 6 (?) Scheffel Gerste. Nun sagte dieser Landmann zu dieser seiner Frau: ""Siehe, [es gibt (?)] für dich und deine Kinder 20 Scheffel Gerste zur Nahrung. Bereite aber für mich die(se) 6 Scheffel Gerste zum Brot und Bier für jeden Tag. Dann werde [ich] davon [leben].""";z pw wn Ḫwi.n-Jnpw rn =f sḫ,tj pw n Sḫ,t-ḥmꜣ,t jst wn ḥm,t =f ⸢M⸣r,t rn =s ḏd.jn sḫ,tj pn n ḥm,t =f tn m =t w[j] m hꜣi̯.t r Km,t r ⸢jni̯.t⸣ ꜥq.w jm n ẖrd.w.pl =j šm swt ḫꜣi̯ n =j nꜣ n jt n,tj m pꜣ mẖr m ḏꜣ,t jt n ⸮⸢sf⸣? ꜥḥꜥ.n ḫꜣi̯.n ={f} =〈s〉 n ={s} =〈f〉 jt ⸢ḥqꜣ,t⸣ ⸮⸢6⸣? ḏd.jn sḫ,tj pn n ḥm,t =f tn m =t ___ n =t jt ḥqꜣ,t 20 r ꜥq.w ḥnꜥ ẖrd.[w].pl =t jri̯ r =t n =j swt tꜣ jt ḥqꜣ,t 6 m tʾ ḥ(n)q,t n hrw nb ⸢kꜣ⸣ [ꜥnḫ] =[j] jm =f;O34 A1 Z1 Q3 Z7 E34 N35 M17 N35 Q3 Z7 E15 Aa1 D36 Z7 Y1 N35 A1 D21 N35 I9 M20 X1 Z4 A1 Q3  Z7  N35 M20 X1 N23 V28 U1 G1 X1 U32 N33 Z2 O49 M17 S29 X1 E34 N35 N41 X1 B1 I9  U7   D21  X1 A2 B1 D21 N35 S29 I10 D46 M17 N35 M20 X1 Z4 A1 Q3 N35 N35 N41 X1 B1 I9 X1 N35 G17 D36 X1 Z7 A1 G17 O4 G1 X1 D54 D21 I6 X1 O49 D21  W25   N35   X1  G35 Z7 X4 Z2 M17 G17 N35 A17 Z7  A1   B1  Z2 A1 N40 G17 D54 M23  G43   X1  M12 G1 D36 N35 A1 N35 G1 N35 U10 Z2 N35 X1 Z4 G17 G41 G1  G17  D36 T28 D21 O1 G17 U28 X1 Z2 U10 Z2 N35  S30  N5 P6 D36 N35 M12 G1 D36 N35 I9 N35 S29 U10  U11  N33a N33a I10 D46 M17 N35 M20 X1  Z4  A1 Q3 N35 N35 N41 X1 B1 I9 X1 N35 G17 D36 X1 D36 A1 N35 X1 U10 U11 Z4a D21 G35 Z7 X4 Z2 V28  N35  D36  A17  Z7 A1 B1 Z2 X1 D4  D21  X1 N35 A1 M23 G43 X1  X1  G1 U10  U11  N33a N33a G17 X1 X2  X4   Z2  V28 N29 X1 W22 Z2 N35 O4 D21 Z7 N5 Z1 V30  V31a   G1  S34 N35 Aa1 A1 M17 G17 I9 ;;;;;
Recto: Der beredte Bauer (Version R) (Episode 1) (Teil 1);Allen_BeredterBauer_Teil1.jpg;"Es gab (einmal) einen Mann, dessen Namen Den-Anubis-geschützt-hat war. Er war ein Landmann des Wadi Natrun. Weiter gab es seine Frau, deren Name [Me]ret war. Nun sagte dieser (oder: besagter/erwähnter) Landmann zu dieser seiner Frau: ""Siehe, ich bin dabei, nach Ägypten hinunterzugehen, 
um dort Essen für meine Kinder zu holen/kaufen. Geh denn und miß mir die Gerste, die in der Vorratskammer ist als der Rest der Gerste von gestern!""";z pw wn Ḫwi.n-Jnpw rn =f sḫ,tj pw n Sḫ,t-ḥmꜣ,t jst wn ḥm,t =f ⸢M⸣r,t rn =s ḏd.jn sḫ,tj pn n ḥm,t =f tn m =t w[j] m hꜣi̯.t r Km,t r ⸢jni̯.t⸣ ꜥq.w jm n ẖrd.w.pl =j šm swt ḫꜣi̯ n =j nꜣ n jt n,tj m pꜣ mẖr m ḏꜣ,t jt n ⸮⸢sf⸣?;O34 A1 Z1 Q3 Z7 E34 N35 M17 N35 Q3 Z7 E15 Aa1 D36 Z7 Y1 N35 A1 D21 N35 I9 M20 X1 Z4 A1 Q3  Z7  N35 M20 X1 N23 V28 U1 G1 X1 U32 N33 Z2 O49 M17 S29 X1 E34 N35 N41 X1 B1 I9  U7   D21  X1 A2 B1 D21 N35 S29 I10 D46 M17 N35 M20 X1 Z4 A1 Q3 N35 N35 N41 X1 B1 I9 X1 N35 G17 D36 X1 Z7 A1 G17 O4 G1 X1 D54 D21 I6 X1 O49 D21  W25   N35   X1  G35 Z7 X4 Z2 M17 G17 N35 A17 Z7  A1   B1  Z2 A1 N40 G17 D54 M23  G43   X1  M12 G1 D36 N35 A1 N35 G1 N35 U10 Z2 N35 X1 Z4 G17 G41 G1  G17  D36 T28 D21 O1 G17 U28 X1 Z2 U10 Z2 N35  S30  N5;;;;;
Recto: Der beredte Bauer (Version R) (Episode 1) (Teil 2);Allen_BeredterBauer_Teil2.jpg;"Da maß {er} 〈sie〉 für {sie} 〈ihn〉 6 (?) Scheffel Gerste. Nun sagte dieser Landmann zu dieser seiner Frau: ""Siehe, [es gibt (?)] für dich und deine Kinder 20 Scheffel Gerste zur Nahrung. Bereite aber für mich die(se) 6 Scheffel Gerste zum Brot und Bier für jeden Tag. Dann werde [ich] davon [leben].""";ꜥḥꜥ.n ḫꜣi̯.n ={f} =〈s〉 n ={s} =〈f〉 jt ⸢ḥqꜣ,t⸣ ⸮⸢6⸣? ḏd.jn sḫ,tj pn n ḥm,t =f tn m =t ___ n =t jt ḥqꜣ,t 20 r ꜥq.w ḥnꜥ ẖrd.[w].pl =t jri̯ r =t n =j swt tꜣ jt ḥqꜣ,t 6 m tʾ ḥ(n)q,t n hrw nb ⸢kꜣ⸣ [ꜥnḫ] =[j] jm =f;P6 D36 N35 M12 G1 D36 N35 I9 N35 S29 U10  U11  N33a N33a I10 D46 M17 N35 M20 X1  Z4  A1 Q3 N35 N35 N41 X1 B1 I9 X1 N35 G17 D36 X1 D36 A1 N35 X1 U10 U11 Z4a D21 G35 Z7 X4 Z2 V28  N35  D36  A17  Z7 A1 B1 Z2 X1 D4  D21  X1 N35 A1 M23 G43 X1  X1  G1 U10  U11  N33a N33a G17 X1 X2  X4   Z2  V28 N29 X1 W22 Z2 N35 O4 D21 Z7 N5 Z1 V30  V31a   G1  S34 N35 Aa1 A1 M17 G17 I9 ;;;;;
〈Stele des Mery (Louvre C 19)〉 (Ausschnitt);SteleMery_Ausschnitt.jpg;Ein Opfer, das der König und Anubis, der auf seinem Hügel ist, geben.  Möge er Wasser, Bier, ein Totenopfer und Brote geben für den Versorgten, den Stellvertreter des Sieglers, Hetepui, den Gerechtfertigten;ḥtp-di̯-nswt Jnp,w tp(,j)-ḏw≡f di̯ =f mw ḥ(n)q,t pr,t-ḫrw tʾ.pl ḥnq,t.pl n jmꜣḫ ḫtm,w-ẖr(,j)-ꜥ Ḥtp,w,y mꜣꜥ-ḫrw ;M23 X1 R4 X8 D4 Q1 A40 W17 N35 X1 R14 G5 R8 O29 V30 U23 D58 N26 O49 D37 I9 N35a O70 X2 W22 F63 Z2 H1   Z2   N35 F39 Aa1 S19 G43 Z1 T28 D21 D36 Z1 F32 X1 M17 M17 M23 X1 R4 X8 E16A D1 N26 I9 D37 I9 N35a V28 N29 X1 W125 O70 X2 X4 Z2 W22 N35 F39 Aa1 S19 G43 T28 D21 D36 X1 Z1 R4 X1 Q3 G43 M17a Aa11 P8;;;;;
〈Stele des Dedusobek (BM EA 566)〉 (rechts);SteleDedusobek_rechts.jpg;"One dignified in the presence of Osiris-Khontamenti, Lord of Abydos, and in the presence of Wepwawet, the great god, Lord of Abydos:
his beloved wife, the one of his affection, Hemet, whom Iy has born, justified, lady of dignity.";jmꜣḫ,t ḫr Wsjr Ḫnt(,j)-jmn,tjw nb-ꜣbḏw ḫr Wp-wꜣ,t.pl nṯr-ꜥꜣ nb-ꜣbḏw ḥm,t =f mri̯.t =f n,t-s,t-jb =f Ḥm,t msi̯.t.n J:y mꜣꜥ,t-ḫrw nb,t-jmꜣḫ;M17 F39 X1 Aa1 D21 Q1 D4 W17 R14 G4 V30 U23 D58 N26 O49 Aa1 D21 F13 N31 N31 N31 R8 O29 V30 U23 D58 N26 O49 N42 X1 I9 U7 D21 X1 I9 N35 X1 Q1 X1 F34 I9 N42 X1 B1 B3 X1 N35 M17 A2 M17 M17 B1 Aa11 X1 D36 P8 V30 X1 F39;;;;;
〈Stele des Dedusobek (BM EA 566)〉 (links);SteleDedusobek_links.jpg;" One dignified in front of Osiris-Khontamenti, Lord of Abydos, and in front of Wepwawet, the great god, Lord of Abydos,
the hereditary noble and count, master of secrets of the palace in questioning the one whose heart is hidden, who knows a man according to his utterance, to whom the belly has revealed that which is in it, who causes the heart to spit what it has swallowed when (?) he/it reaches the private palace (?), one foremost of place in the palace on the day of hearing (legal) cases, the unique one in the presence of the Lord of the Two Lands, while the council cries out (?), whom the king periodically nourished, whose granaries the lord of the palace made prosper, the sole friend (of the king), one sweet of love, possessor of an excess of charm, hereditary noble, overseer of police Dedusobek, justified, lord of dignity. ";jmꜣḫ ḫr Wsjr Ḫnt(,j)-jmn,tjw nb-ꜣbḏw ḫr Wp-wꜣ,t.pl nṯr-ꜥꜣ nb-ꜣbḏw rpꜥ ḥꜣ,tj-ꜥ ḥr(,j)-sštꜣ n jz,t m nḏ [j]mn-jb sjꜣ z r tp,t-rʾ =f sḥꜣi̯.n n =f ẖ,t jm,jt =s ḏḏ bši̯ ḥꜣ,tj ꜥm.t.n =f pḥ.t =f wꜥ,t ḫnt(,j)-s,t m stp-zꜣ hrw sḏm md(w),t wꜥ ḥr ḫw m-bꜣḥ nb-tꜣ,du ḫft ṯjꜣ sḥ sḏfꜣ.w nsw r tr r tr.wj swꜣḏ.w nb ꜥḥ šnꜥ.pl =f smr-wꜥ〈,tj〉 bn{t}〈r〉j mrw,t nb ḥꜣw ⸮m? jmꜣ,t (j)r(,j)-pꜥ,t.pl (j)m(,j)-r(ʾ)-šnt Dd,w-Sbk mꜣꜥ-ḫrw nb-jmꜣḫ ;M17 F39 Aa1 D21 Q1 D4 W17 R14 G4 V30 U23 D58 N26 O49 Aa1 D21 F13 N31 N31 N31 R8 O29 V30 U23 D58 N26 O49 D21 Q3 D36 F4 D36 D2 O34 N37 N16 N35 M40 X1 O1 G17 N35 Aa27 I10 W24 D40 M17 Y5 N35 A4 F34 Z1 A14 S32 A2 O34 A1 D21 D1 Q3 X1 D21 Z1 I9 S29 M16 S28 N35 N35 I9 F32 X1 Z1 M17 Z11 G17 X1 S29 D37 D37 D58 N37 D152 F4 X1 Z4 D36 G17 X1 A2 N35 I9 Q3 V28 F22 X1 D54 I9 T21 X1 O1 W17 X1 Q1 X1 O1 G17 U21 V16 O1 O4 D21 G43 N5 Z1 F21 G17 S43 D46 X1 Y1 T21 D36 Z1 D2 Aa1 Aa1 Aa1 G17 D52 Z1 V30 N17 N17 Aa1 X1 I9 V13 M17 G1 Z9 Y1 S29 V28 O22 Y1 O34 I10 I9 G1 G43 X4 M23 X1 N35 A43 D21 X1 D21 M6 N5 D21 X1 D21 M6 N5 G43 Z4 S29 M13 I10 G43 V30 O11 O1 U13 D36 O1 Z2 I9 S29 U23 T21 D36 D58 N35 X1 M17 M30 U7 D21 G43 X1 V30 M16 G43 G17 M17 M1 X1 Y1 D21 Q3 D36 X1 A1 Z2 G17 D21 V7 N35 X1 V1 I5a D36 D36 G43 Aa11 P8 V30 F39 Z1 ;;;;;
〈Stele des Megegi (New York MMA 14.2.6)〉 Ausschnitt);SteleMegegi_Ausschnitt.jpg;" An offering that the king gives and Osiris, Lord of Busiris, Khentamenti, Lord of Abydos on all his places: an invocation offering of a thousand of bread and beer, a thousand of bulls and fowl, a thousand of alabaster vessels and pieces of linen, a thousand of all good and pure things for the dignified follower Megegi, who says: I spent a period of years in the era of the Horus-King 〈Nakht-〉neb-tep-nefer, making his heart beat (lit. ""stride"") every day with everything that his ka loved.";ḥtp-ḏi̯-nswt Wsjr nb-Ḏd,w ḫnt(,j)-jmn,tjw nb-ꜣbḏw m s,t.pl =f nb(.t) pr,t-ḫrw ḫꜣ tʾ ḥnq,t ḫꜣ kꜣ ꜣpd ḫꜣ šs mnḫ,t ḫꜣ (j)ḫ,t nb(.t) nfr(.t) wꜥb(.t) n jmꜣḫ,w šms,w Mgg,j ḏd jw jri̯.n =(j) ꜥḥꜥ,w m rnp,t.pl m rk Ḥr(,w) 〈Nḫt-〉nb-tp-nfr ḥr ⸮sjbꜣ? jb =f rꜥ-nb m mrr.t nb.t kꜣ =f;M23 X1 R4 X8 D4 Q1 A40 V30 R11 D46 O49 G43 W18 R14 G4 V30 U23 D58 N26 O49 G17 Q1 X1 Z2 I9 V30 O3 M12 X2 W22 M12 F63 H1 M12 V33 S115 M12 Aa1 X1 V30 F35 D60 N35 F39 Aa1 G43 T18 G43 G17 V6 V6 M17 I10 D46 M17 G43 D4 N35 P6 G43 N5 N36a G17 M4 X1 Z2 G17 D21 V31 N5 G5 V30 D1 Z1 F35 D2 Z1 S29 M17 G29a D54 F34 Z1 I9 N5 V30 G17 U6 D21 D21 X1 V30 X1 D28 Z1 I9;;;;;
〈Stele des Qemnen (Turin Cat. 1513)〉 (Ausschnitt);SteleQemnen_Ausschnitt.jpg;"Möge er das Firmament durchqueren. Möge er den Himmel durchfahren. Möge er am westlichen Horizont landen. Möge er aufsteigen zu dem großen Gott. Möge er empor und hinab steigen mit dem Gefolge, den Herren der Opfergaben in Abydos. Mögen ihm die beiden Arme in der Neschmet-Barke gegeben werden. Möge ihm ""Willkommen"" gesagt werden durch die Großen von Abydos, dem Versorgten(?), dem Priester Qemnen, dessen schöner Name Upuautnacht ist, dem Gerechtfertigten.  ";ḏꜣi̯ =f bjꜣ nm =f p,t smꜣ =f tꜣ r ꜣḫ,t jmn,t(j).t jꜥr =f n nṯr-ꜥꜣ pri̯ =f hꜣi̯ =f ḥnꜥ šms,pl nb.w.pl ḥtp,t.pl m ꜣbḏ,w di̯.t(w) n =f ꜥ.du m nšm,t ḏd.t(w) n =f jyi̯(.w) m-ḥtp jn wr,pl-n,w-ꜣbḏ,w ⸮jmꜣḫ? ḥm-nṯr Qmnn rn =f nfr Wp-wꜣ,wt-nḫt mꜣꜥ-ḫrw ;U28 G1 P1 I9 D58 N42 N21 N35 T34 G17 D54 I9 Q3 X1 N1 O34 U1 G1 F36 I9 N17 N36 D21 N27 X1 Z1 R14 X1 X1 N25 M17 D36 D21 N31 I9 N35 R8 O29 O1 D21 D54 I9 O4 G1 I9 V28 N35 D36 T18 S29 D54 A40 Z2 V30 G43 Z3 R4 X1 Q3 X1 X4 Z2 G17 U23 D58 N26 O49 D37 X1 N35 I9 D36 D36 Z4 G17 N35 N37 G17 X1 P3 I10 D46 X1 N35 I9 M18 G17 R4 X1 Q3 M17 N35 G36 D21 A40 Z3 W24 Z1 U23 D58 N26 O49 F39 Aa1 R8 U36 N29 G17 N35 N35 A1 D21 N35 I9 F35 D21 I9 E145a N35 M3 Aa1 X1 A1 Aa11 P8 ;;;;;
〈Stele des Sobekhotep (BM EA 1163)〉 (Ausschnitt);SteleSobekhotep_Ausschnitt.jpg; Gegeben als Gunst von Seiten des Königs für den Schreiber des Tempels des Sobek, des Anubis und des Chons, Sobekhotep, den Gerechtfertigten. Re Anbeten im Osten des Himmels, wenn das Firmament verborgen ist. Die Götter sind in Verzückung für Hathor in der Vollkommenheit des Thot.;di̯(.w) m ḥz(w),t.pl n(.t) ḫr nswt n zẖꜣ,w-ḥw,t-nṯr n Sbk Jnp,w Ḫns,w Sbk-ḥtp mꜣꜥ-ḫrw dwꜣ Rꜥ ḥr jꜣb,t p,t ḥꜣp bjꜣ nṯr.pl m nḏm-jb n ḥw,t-Ḥr,w m nfr.w.pl n Ḏḥw,tj ;X8 G17 W14a X1 N35 Z2 Aa1 D21 M23 X1 N35 N35 Y4 R8 O7 N35 I4 E16 Aa1 N35 M23 G43 I5a R4 X1 Q3 Aa11 D36 P8 N14 N5 D2 Z1 R15 D58 X1 N25 Q3 X1 N1 M16 G1 Q3 S28 D58 M17 N42 F18 Y1 Z2 R8a G17 M29 G17 Y1 F34 Z1 N35 O10 C9 G17 F35 I9 D21 G43 Z3 N35 G26 A40;;;;;
〈Stele des Sobekdedu-Bebi (Louvre C 285)〉 (Ausschnitt);SteleSobekdedu_Ausschnitt.jpg; Der große Schreiber des Wesirs, Dedusobek Bebi, der Gerechtfertigte, Herr der Vorsorgtheit, den Sobekhotep gemacht hat, den Hapiu geboren hat, indem er Osiris anbetet: Sei gegrüßt, Osiris, Sohn der Nut, Herr der beiden Hörner, mit hohen Atef-Kronen, dem die Wereret-Krone und Freude vor der Götterneunheit gegeben wurde;zẖꜣ,w-wr-n-ṯꜣ〈,tj〉 Dd,w-Sbk Bbj mꜣꜥ-ḫrw nb-jmꜣḫ jri̯.n Sbk-ḥtp msi̯.n Ḥpy,w dwꜣ =f Wsjr-ḫnt,j-jmn,tjw nb-ꜣbḏw j:nḏ ḥr =k Wsjr zꜣ Nw,t nb ꜥb.du qꜣ ꜣtf.w.pl rdi̯.y n =f wrr,t ꜣw,t-jb m-bꜣḥ Psḏ,t;Y4 A21 N35 G47 S29 D58 V31 D37 D37 G43 D58 D58 M17 Aa11 P8 V30 Z1 F39 D4 N35 S29 D58 V31 R4 X1 Q3 F31 S29 N35 Aa5 Q3 M17 M17 G43 D46 V4 G1 A30 I9 Q2 D4 A40 W17 R14 G4 V30 Z1 U23 O49 D58 N26 M17 Aa27 I10 D2 V31 Q2 D4 G39 Z1 W24 X1 N1 V30 F16 F16 N29 G1 A28 G1 X1 I9 G43 S8 Z2 D21 D37 M17 M17 N35 I9 G36 D21 D21 X1 S1 F40 X1 F34 G17 D52 Z1 Y1 N9 X1 R8 Z3;;;;;
〈Stele des Nesmontu (Louvre C 1 = N 155)〉 (Ausschnitt);SteleNesmontu_Ausschnitt.jpg;I am truly a support of the old one, a wetnurse of children, a speaker of orphans, a warm shelter for the one who was cold in Thebes - an island of the persecuted, which has no equivalent in Upper Egypt, head of the Nine Bows. I am the sole strong one of this land, fast of arms and agile of legs, a hero excellent in fighting. The army was made loyal to me through beating (of enemies?).;jnk wn.t ṯz jꜣw mnꜥ,t ḥꜥꜣ.pl wḥm(,w) nmḥ.w.pl ḫ(w)y.t ḫm.t ḥs,w m Wꜣs,t jw sḫr,wy.pl jw,t.t mn.t =s m Šmꜥ,w ḥr,jt-tp pḏ,t.pl-9 jnk wꜥ nḫt n(,j) tꜣ pn wni̯ ꜥ.du ṯbn šm.du nḏs jqr n(,j) rʾ-ḫt ṯzm.t(w) n =j mšꜥ m sḫt ;W24 V31 A1 E34 N35 X1 V14 O34 T14 M17 G1 G43 A19 Y5 N35 D36 X1 B5 V28 O29 G1 G37 Z2 F25 G17 A2 N35 T35 G17 V28 G43 G37 Z2 A1 Aa1 M17 M17 X1 O1 Aa1 G17 X1 Q7 V28 S29 G43 A359 G17 S40 N24 O49 X1 Z1 N141 N23 S29 Aa1 D21 G43 M17 M17 A1 Z3 D35 X1 X1 G43 Y5 N35 X1 Z9 S29 G17 M27 G43 O49 X1 Z1 D2 D21 X1 D1 Z1 T10 R180 X1 Z1 Z2 Z2 Z2 W24 V31 T21 D36 N35 M3 Aa1 X1 A24 N35 N17 N23 Q3 N35 E34 N35 D36 D36 Z1 Z4 V13 D58 N35 D54 N40 G17 D56 D56 N35 Z1 I10 S29 G37 A1 M17 N29 D21 Y1 N35 D21 Z1 M3 X1 Z1 E14 X1 Y1 N35 A1 A12 Z3 G17 S29 Aa1 X1 T26 D54 ;;;;;
〈Stele des Amenemhet (BM EA 567)〉 (Ausschnitt);SteleAmenemhat_1.jpg; 12. Regierungsjahr unter der Majestät des Königs von Ober- und Unterägypten Nebkaure, dem für immer und ewig Leben gegeben ist. Ein Opfer, das der König, Osiris, der Herr von Busiris, Chontamenti, der Herr von Abydos, Upuaut, der Abydos vorsteht, sowie Heqet und Chnum und die Götter und Herren von Abydos geben. ;rnp,t-zp 13 ḫr ḥm n nswt-bj,tj Nbw-kꜣ,pl-Rꜥ di̯(.w) ꜥnḫ ḏ,t r nḥḥ ḥtp-di̯-nswt Wsjr nb-Ḏd,w{t} Ḫnt(,j)-jmn,tjw nb-ꜣbḏw{t} Wp-wꜣ,t(,pl) ḫnt,j ꜣbḏ,w{t} Ḥq,t ḥnꜥ H̱nm,w nṯr.pl nb(.pl) ꜣbḏ,w{t} ;M4 X1 O50 V20 3 Aa1 D21 U36 N35 M23 L2 X1 X1 N5 S12 D28 D28 D28 X8 S34 I10 X1 N17 D21 N35 G21 V28 V28 M23 X1 R4 X8 Q1 D4 V30  R11 G43 O49 X1 Z1 W17 N35 X1 R14 G4 A40 V30 U23 D58 N26 O49 X1 Z1 F13 N31 E16A W17 N35 X1 Z4 U23 D58 N26 O49 X1 Z1 V28 N29 X1 I7 V28 N35 D36 W9 G43 E181 R8a V30 U23 D58 N26 O49 X1 Z1 ;;;;;
〈Stele des Amenemhet (BM EA 567)〉 (Ausschnitt 2);SteleAmenemhat_2.jpg;Sie mögen ein Totenopfer (aus) Brot, Bier, Rindern, Geflügel, Alabaster, Leinen und jeder guten Sache, die vor dem großen Gott herauskommt, geben. Mögen ihm die beiden Arme hingestreckt werden, die mit dem Opfer beladen sind an den Festen der Nekropole, zusammen mit dem Gefolge des Osiris, den Altvorderen, die vorher gewesen sind. Mögen {dich} 〈ihn〉 die Großen von Busiris, der Hofstaat, der in Abydos ist, verklären. Möge er die Wege, die er wünscht, mit Opfer und Speise öffnen. Mögen ihn die in Tawer Befindlichen und die Priester des großen Gottes erheben. Mögen ihm die Arme in der Neschmet-Barke auf den Wegen des Westens gegeben werden. ;di̯ =sn pr,t-ḫrw tʾ ḥnq,t kꜣ(.pl) ꜣpd(.pl) šs mnḫ,t ḫ,t nb.t nfr(.t) pri̯.t m-bꜣḥ nṯr-ꜥꜣ mz.t(w) n =f ꜥ.wj ẖr ḥtp m ḥꜣb.pl n.w ẖr,t-nṯr ḥnꜥ šms,pl n Wsjr tp(,j.w)-ꜥ ḫpr.w ẖr-ḥꜣ,t sꜣḫ {ṯw} 〈sw〉 wr,pl-n,w-Ḏd,w{t} šny,t jm,j.t ꜣbḏ,w{t} wpi̯ =f wꜣ,t.pl mrr.t =f m ḥtp,t ḥnꜥ ḏf(ꜣ.w) sqꜣi̯ sw jm,j.w Tꜣ-wr wꜥb.pl n.w nṯr-ꜥꜣ rdi̯.t(w) n =f ꜥ.du m nš〈m〉,t ḥr w{t}ꜣ,t.pl jmn,t;X8 S29 N35 O70 X2 W22 F63 H1 V6 S27 Aa1 X1 Y2 V30 X1 F35 O1 D21 X1 D54 G17 D52 Z1 R8 O29 G17 O35 X1 N35 I9 D36 Z1 G43 Z4 T28 R4 X1 Q3 G17 W4 Z2 W24 Z1 R50 V28 N35 D36 T18 N37 S29 D54 A40 Z2 N35 Q1 D4 D1 D36 Z1 L1 G43 T28 D21 F4 X1 Z1 S29 Aa1 G25 V13 G43 G36 D21 A40 Z3 W24 Z1 R11 G43 O49 X1 Z1 V7 N35 M17 M17 X1 A40 Z3 M17 Z11 X1 U23 D58 N26 O49 X1 Z1 F13 Q3 Z9 I9 V4 G1 X1 N31 Z2 U7 D21 D21 X1 I9 G17 R4 X1 Q3 X1 V28 N35 D36 I10 I9 X2 W22 S29 A28 M23 G43 M17 Z11 G43 R18 A6 Z3 W24 Z1 R8 O29 D21 X8 X1 N35 I9 D36 D36 G17 N35 N37 X1 P3 Z1 D2 V4 X1 G1 X1 N31 Z2 R14 X1 N25;;;;;
〈Stele des Amenemhet (BM EA 567)〉 (Ausschnitt 3);SteleAmenemhat_3.jpg;Die Erde küssen für Chontamenti bei der großen Prozession. Lobpreis geben für Hathor, die auf der Nekropole befindlich ist, die Herrin, die Herrin der oberen Häuser, durch den Versorgten, den Vorsteher des $šnꜥ$, Amenemhat.;sn tꜣ n Ḫnt(,j)-jmn,tjw m pr,t-ꜥꜣ,t rdi̯.t jꜣ,w n Ḥw,t-Ḥr,w ḥr(,j)t-tp-z(mj),t ⸮ḥn,wt? nb,t pr.pl ḥr(,j).w jn jmꜣḫ jm,j-rʾ-šnꜥ,pl Jmn-m-ḥꜣ,t;T22 N35 D19 N16 N23 Z1 N35 W17 N35 X1 G130 A40 G17 O1 D21 X1 D54 O29 X1 D21 D36 X1 M17 G1 A30 N35 O10 D2 D21 X1 D1 O34 X1 N25 Z2 W10 X1 V30 X1 O1 Z2 D2 D21 G43 M17 N35 F39 Aa1 F20 N37 N35 D36 V37 Z2b M17 Y5 N35 G17 F4 X1 Z1;;;;;
〈Stele des Senwosret alias Ketet (Louvre C 174 = E 3132)〉 (oben);SteleKetet_oben.jpg; An offering that the king gives and Osiris, lord of the West, Great God, lord of Abydos: an invocation offering (of) a thousand of bulls and birds and all good and pure things to the revered one in front of Anubis who is upon his mountain, seal bearer of the king and sole friend (of the king), the chamberlain, Senwosret, justified, who says: I came out of my city, I descended to the necropolis, after I had done what people love and what gods praise.;ḥtp-ḏi̯-nswt Wsjr nb-jmn,t nṯr-ꜥꜣ nb-Ꜣbḏw pr,t-ḫrw (n) ḫꜣ kꜣ.pl ꜣpd.pl (j)ḫ,t nb(.t) nfr(.t) wꜥb(.t) n jmꜣḫ(,w) ḫr Jnp,w tp(,j)-ḏw≡f ḫtm(,w)-bj,tj smr-wꜥ,t(j) jm,j-rʾ-ꜥ-ẖn,wtj Z-n-wsr,t mꜣꜥ-ḫrw ḏd jyi̯.n =(j) m nʾ,t =j hꜣi̯.n =j r ẖr(,t)-nṯr jri̯.n =(j) mrr.t r(m)ṯ.pl ḥzz.t nṯr.pl;M23 X1 R4 X8 Q1 D4 V30 R14 X1 Z1 R8 O29 V30 U23 D58 N26 Z1 O49 O3 M12 F63 H1 Z2 Aa1 X1 V30 F35 D60 N35 F39 Aa1 Aa1 D21 E16a D1 N26 I9 L2 S19 X1 S29 U23 T21 X1 Z1 F20 D36 F26 W24 X1 U33 F12 S29 D21 X1 O34 N35 U2 Aa11 P8 I10 D46 M18 N35 G17 O49 X1 Z1 M17 O4 G1 D54 N35 M17 D21 T28 R8 D4 N35 U7 D21 D21 X1 D21 V13 Z3 W14 O34 O34 X1 Y1 R8 Z3 ;;;;;
〈Stele des Senwosret alias Ketet (Louvre C 174 = E 3132)〉 (unten);SteleKetet_unten.jpg;I am one wise and loyal, one who reported well to the one who sent him. I accomplished missions for the king, and I was rewarded in the audience hall. The revered one, Ketet, justified. ;jnk sꜣꜣ mḏd wꜣ,t smj nfr n hꜣb sw jri̯.n =j wpw,t.pl n nswt fqꜣ.kwj m ꜥ-ẖn,wtj jmꜣḫ(,w) Kttʾ mꜣꜥ-ḫrw; W24 V31 S29 Aa17 G2 Y1 Aa23 N31 S29 W19 A2 F35 D21 N35 O4 G1 D58 D54 M23 G43 D4 N35 A1 F13 Q3 X1 Y1 Z2 N35 M23 X1 N35 A43 I9 N29 G1 X4 V31 G43 M17 G17 D36 F26 W24 X1 U33 O1 Z1 M17 F39 Aa1 V31 X1 X1 X3 A50 U2 Aa11 P8 Y1;;;;;
〈Stele des Antef (Leiden V 6 = AP 74)〉 (Teil 1);SteleAntef_Teil1.jpg; Year 9 under the Majesty of Horus Hekenemmaat, Two Ladies Hekenemmaat, King of Upper and Lower Egypt 𓍹Nebukaure𓍺. ;rnp,t-zp 9 ḫr ḥm n(,j) Ḥr(,w) Ḥkn-m-mꜣꜥ(,t) Nb,tj Ḥkn-m-mꜣꜥ(,t) nswt-bj,tj Nbw-kꜣ,pl-Rꜥw ;M4 X1 O50 Z1 Z1 Z1 Z1 Z1 Z1 Z1 Z1 Z1 Aa1 D21 U36 Z1 N35 G5 V28 V31 N35 G17 U1 Aa12 G16 V28 V31 N35 G17 U1 Aa12 M23 L2 X1 X1 N5 S12 D28 D28 D28;;;;;
〈Stele des Antef (Leiden V 6 = AP 74)〉 (Teil 2);SteleAntef_Teil2.jpg;The dignified overseer of the districts(?) Antef says: I made this tomb-chapel at the birthplace of Abydos, the sacred land of the western desert, the district great of fame, (where?) those who are in their tombs are glorified, (...) so that I may be strong and glorified in the following of Khentameti, lord of Busiris and ruler of Abydos, to whom is brought (?) that which is and that which is not. ;jmꜣḫ(,w) jm,j-rʾ-w Jni̯-jt≡f ḏd =f jri̯.n =j mꜥḥꜥ,t tn ḥr msḫn,t n.t ꜣbḏ,w tꜣ-ḏsr n(,j) ḫꜣs,t jmn,tt wꜥr,t-ꜥꜣ,t-hmhm,t sꜣḫ.{ṯ}tw ḫnt,jw.pl jz.pl =sn n-mry,t wsr =(j) ꜣḫ =(j) m šms(,w).pl n(,j) ḫnt(,j)-jmn,tjw nb-Dd,w ḥqꜣ ꜣbḏ,w n =f n,tt jw,tt ;M17 F39 Aa1 F20 S42a N23 Z1 W25 N35 X1 I9 A1 I10 D46 I9 D4 N35 A1 G17 P7B X1 O1 X1 N35 D2 Z1 F31 Aa1 N35 X1 N35 X1 U23 D58 N26 O49 X1 Z1 N17 I10 S29 D21 N25 N35 N25 X1 Z1 R14 X1 X1 D56 O29 X1 O4 G17 O4 G17 X1 S29 Aa1 G25 Y1 V13 X1 G43 W17 N35 G4 X1 A40 Z3 M17 M40a O1 Z1 Z2 S29 N35 Z2 N35 U7 D21 M17 M17 X1 F12 S29 Aa1 G25 G17 T18 W25 A40 Z2 N35 W17 N35 X1 R14 G4 A40 V30 D46 D46 G43 O49 X1 Z1 S38 U23 D58 N26 O49 N35 I9 N35 X1 X1 D35 X1 X1 A17a;;;;;
〈Stele des Antef (Leiden V 6 = AP 74)〉 (Teil 3);SteleAntef_Teil3.jpg;"An offering which the king gives (to) Osiris, lord of Busiris, Khentamenti, great god, lord of Abydos in all his good and pure places, so that he may give an invocation offering of bread and beer, of a thousand of bulls, a thousand of fowl, a thousand of alabaster, a thousand of clothing, a thousand of all things from which the god lives
to the ka of the dignified one, the overseer of the districts, Intef, justified, lord of praise, born of Renefankh, justified, lady of dignity. What is said by the overseer of the districts Intef: I am a wise man, who taught himself to know, one who consults and makes (others) consult with him, one white of clothes, whom a spectator of the festival notices amidst his collegues, one with fresh crops and good harvest, one broad-hearted, free of narrow-heartedness, one bright of supper, good of meal, lord of food, free of indifference. An invocation offering (of) bread and beer for the praised one, the overseer of the districts, Intef, jusitfied, lord of praise, born of Renefankh, (and for) his beloved wife, Imem. ";ḥtp-ḏi̯-nswt (n) Wsjr nb-Dd,w ḫnt(,j)-jmn,tjw nṯr-ꜥꜣ nb-ꜣbḏw m s,t.pl =f nb.t nfr.t wꜥb(.t) ḏi̯ =f pr,t-ḫrw tʾ ḥnq,t ḫꜣ kꜣ.pl ḫꜣ ꜣpd.pl ḫꜣ šs ḫꜣ mnḫ,t.pl ḫꜣ jḫ,t.pl nb.t ꜥnḫ〈.t〉 nṯr jm n kꜣ n(,j) jmꜣḫ,y jm,j-rʾ-w Jni̯-jt≡f mꜣꜥ-ḫrw nb jmꜣḫ jri̯.n Rn≡f-ꜥnḫ mꜣꜥ,t-ḫrw nb,t jmꜣḫ ḏd.t (j)n jm,j-rʾ-w Jni̯-jt≡f jnk rḫ sbꜣ sw r rḫ nḏnḏ.w rḏi̯ nḏ.ṯw m-ꜥ =f ḥḏ ḥbs.w.pl pt(r) mꜣꜣ ḥ(ꜣ)b m-m sn.pl =f wꜣḏ skꜣ.pl nfr ꜥbb wsḫ jb šwi̯,y m ḥns-jb ḥḏ ms,yt.pl nfr ḥsmn.pl nb ḏfꜣ.pl šwi̯,y m ḥb〈s〉 ḥr pr,t-ḫrw tʾ ḥnq,t n jmꜣḫ(,w) jm,j-rʾ-w Jni̯-〈jt〉≡f mꜣꜥ-ḫrw nb jmꜣḫ jri̯.n Rn≡f-ꜥnḫ (n) ḥm,t =f mri̯.t =f Jm;M23 X1 R4 X8 D4 Q1 A40 V30 D46 D46 G43 O49 X1 Z1 W18 N35 X1 R14 G4 A40 R8 O29 V30 U23 D58 N26 O49 G17 Q1 X1 O1 Z2 I9 X1 V30 X1 F35 D300 D37 I9 O70 X2 W24 M104 F63 Z2 M104 H1 Z2 M104 V6 Z1 M104 S27 Z2 M104 M17 Aa1 X1 Y2 Z2 V30 X1 S34 R8 M17 G17 N35 D28 N35 F39 Z1 M17 M17 G17 D21 S42 N23 Z1 W25 X1 I9 U1 Aa12 P8 V30 F39 Z1 D4 N35 D21 N35 I9 S34 N35 Aa1 A40 U1 X1 Aa12 P8 V30 X1 F39 Z1 I10 D46 X1 N35 F20 S42 N23 Z1 W25 N35 X1 I9 W24 V31 D21 Aa1 Y2 S29 D58 N14 Y2 M23 G43 D21 D21 Aa1 Y2 N35 I10 Aa27 W24 N35 I10 Aa27 W24 Y2 G43 D21 D42 N35 I10 Aa27 W24 V13 G43 G17 D42 I9 V28 T3 V28 D58 S29 G43 S28 Z3 Q3 X1 D4 U1 D4 G2 V28 D58 W4 Z1 G17 G17 T22 N35 A1 Z3 I9 M14a S29 D28 U13 N33 Z2a F35 D42 D58 D58 F16 D42 G43 S29 Aa1 S11 F34 Z1 H6 M17 M17 G17 V28 M2 S29 N35 F34 Z1 V28 T3 F31 M17 M17 X1 X4 Z2 F35 V28 O34 Y5 N35 X4 Z2 V30 I10 I9 G1 X4 Z2a H6 M17a G17 V28 D58 S28 D2 Z1 O70 X2 W24 N35 F39 Aa1 F20 S42 N23 Z1 W25 N35 I9 A1 Aa12 P8 V30 F39 Z1 D4 N35 D21 N35 I9 S34 N35 Aa1 N42 X1 I9 U7 X1 I9 M17 Aa14 G17;;;;;
〈Stele des Maati (New York MMA 14.2.7)〉 (horizontal);SteleMontu_horizontal.jpg;" An offering that the king gives and Anubis, who is upon his mountain, lord of the embalming place, lord of the sacred land:
an invocation offering (of) a thousand of bread and beer, a thousand of bulls and birds, a thousand of alabaster and linen, a thousand of all good and pure things, pure bread from the estate ";ḥtp-ḏi̯-nswt Jnp,w tp(,j)-ḏw≡f jm(,j)-wt nb-tꜣ-ḏsr pr,t-ḫrw ḫꜣ tʾ ḥnq,t ḫꜣ kꜣ ꜣpd ḫꜣ šs mnḫ,t ḫꜣ (j)ḫ,t nb(.t) nfr(.t) wꜥb(.t) tʾ wꜥb n(,j) pr ;M23 X1 R4 X8 E16 D1 N26 Z1 I9 Z11 G43 Aa2 X1 V30 N16 D45 O3 M12 X2 W22 M12 F63 H1 M12 V33 S115 M12 Aa1 X1 V30 F35 D60 X1 X2 D60 N35 O1 Z1;;;;;
〈Stele des Maati (New York MMA 14.2.7)〉 (vertikal);SteleMontu_vertikal.jpg;"Montu, a funerary meal from the estate of Osiris, of which the blessed spirits wish to eat,
for the doorkeeper Maat(i), who says: I was one beloved of his lord, his praised. I was one beloved of his overseer, (i.e.) the royal chamberlain and overseer of the treasury Bebi. He, however, is one who causes air to be breathed in every house. An invocation offering to Ini the Great, whom Iku has born, so that he may give me offerings in the necropolis at the course of every day!";Mnṯ,w dbḥ,t-ḥtp m pr Wsjr mrr.t ꜣḫ.pl wn(m) jm n (j)m(,j)-r(ʾ)-sbꜣ.pl Mꜣꜥ,t(j) ḏd jnk mr,y-nb≡f ḥz,y =f jnk mr,y (j)m(,j)-r(ʾ) =f ẖr(,j)-tp-nswt (j)m(,j)-r(ʾ)-ḫtm,t Bbj ntf gr,t rḏi̯ ssn ṯꜣw m pr nb pr,t-ḫrw n Jni̯ ꜥꜣ Jni̯-〈jt≡f〉-ꜥꜣ msi̯ Jkw ḏi̯ =f n =(j) ḥtp,t.pl m ẖr,t-nṯr m ẖr,t-hrw n.t rꜥ(w)-nb;Y5 N35 V13 G43 A40 D46 F18 D58 V28 N33 X1 R4 X1 Q3 G17 O1 Z1 D4 Q1 A40 U6 D21 D21 X1 Aa1 G25 Z3 M42 A2 M17 G17 N35 G17 D21 Z1 N14 O1 Z2 U1 Aa11 D36 X1 A1 I10 D46 W24 V31 U6 M17 M17 V30 I9 W14 M17 M17 I9 W24 V31 U6 M17 M17 G17 D21 Z1 A1 I9 M23 X1 T28 D1 Z1 G17 D21 Z1 S19 X1 D58 D58 M17 A1 N35 X1 I9 W11 D21 X1 D21 D37 S29 S29 T22 N35 D20 A1 P5 G43 N33A G17 O1 Z1 V30 O3 N35 W25 O29 W25 O29 F31 M17 V31 G43 B1 D37 I9 N35 R4 X1 X1 Q3 Z2 G17 R8 T28 N25 G17 T28 X1 N5 Z1 N35 X1 N5 V30;;;;;
Die Geschichte des Schiffbrüchigen (Teil 1);Allen_Schiffsbrüchiger1.jpg;"Nun sagte der fähige Gefolgsmann: Sei froh, Fürst! (Denn) Siehe, wir haben die Residenz erreicht. Der Schlegel wurde ergriffen, der Landepflock wurde eingeschlagen, (und) das Vordertau liegt (jetzt) auf dem Land. Lobpreis wurde gespendet, Gott wurde gepriesen, (und) jedermann umarmt (jetzt) seinen Gefährten. Unsere Mannschaft ist wohlbehalten zurückgekommen; es gibt keinen Verlust für unsere Truppe. Nachdem wir die Grenze von Wawat erreicht hatten,
sind wir an Bigge vorbeigezogen. Sieh uns doch, wir sind in Frieden zurückgekehrt; (und) unser Land haben wir erreicht.";ḏd.jn šms,w jqr wḏꜣ jb =k ḥꜣ,t(j)-ꜥ m =k pḥ.n =n ẖnw šzp ḫrpw ḥwi̯ mnj,t ḥꜣ,tt rdi̯.t(j) ḥr tꜣ rḏi̯ ḥkn,w dwꜣ nṯr z nb ḥr ḥpt sn,nw.du =f jz,wt{t} =n jy.t(j) ꜥd.t(j) nn nhw n(,j) mšꜥ =n pḥ.n =n pḥ,wj Wꜣwꜣ,t sni̯.n =n Snm,t m =k r =f n jy =((n)) m-ḥtp tꜣ =n pḥ =n sw ;I10 D46 M17 N35 T18 G43 A1 M17 N29 D21 Y1 G43 U28 G1 Y1 F34 Z1 V31A F4 D36 A1 G17 D36 V31A F22 D54 N35 N35 Z2 F26 N35 W24 G43 O1 O42 Q3 D36 Aa1 D21 Q3 Z7 M3 V28 A25 A24 Y5 N35 M17 X1 P11 M3 F4 X1 X1 V1 D21 D36 X1 D2 Z1 N16 N23 Z1 D21 D36 V28 V31 N35 W24 Z7 A2 N14 G1 A30 A2 R8 O34 A1 Z1 V30 D2 Z1 V28 Q3 X1 D32 D36 T22 N35 W24 G43 A1 2 I9 M40 G43 X1 A1 Z2 X1 N35 Z2 M18 M17 X1 D54 V26 D46 X1 Y1 D35 N35 N35 O4 G43 G37 N35 A12 A1 Z2 N35 Z2 F22 D54 N35 N35 Z2 F22 G43 Z4 V4 V4 X1 N25 O34 N35 X5 D54 N35 N35 Z2 O34 N35 G14 X1 N25 G17 D36 V31 D21 I9 N35 Z2 M18 M17 D54   N35  Z2 G17 R4 X1 Q3 Y1 N16 N23 Z1 N35 Z2 F22 D54 N35 Z2 M23 Z7 ;;;;;
Die Geschichte des Schiffbrüchigen (Teil 2);Allen_Schiffsbrüchiger2.jpg;"Höre mir zu, Fürst! Ich bin einer, der nicht übertreibt (lit. der frei ist von Übertreibung). Wasche dich, gib Wasser auf deine Finger! Du sollst (nur) antworten, wenn du angesprochen wurdest. Du sollst mutig (wörtl.: indem dein Herz in deiner Hand ist) zum König sprechen; (Und) du sollst antworten ohne zu stammeln. Der Mund eines Mannes (nämlich) kann ihn retten; (Und) seine Rede kann Milde erreichen (lit. lässt für ihn das Gesicht sich verhüllen). (Aber) du tust (ja doch), was du willst. (lit. Wenn du handelst, dann nach deinem Verstand.) Ermüdend ist es, dir zuzureden. ";sḏm r =k n =j ḥꜣ,t(j)-ꜥ jnk šwi̯ 〈m〉 ḥꜣw jꜥi̯ tw jmi̯ mw ḥr ḏbꜥ.pl =k jḫ wšb =k wšd.t(w) =k mdwi̯ =k n nswt jb =k m-ꜥ =k wšb =k nn njtjt jw rʾ n(,j) z(ʾ) nḥm =f sw jw mdw =f ḏi̯ =f ṯꜣm n =f ḥr jrr =k m ḫr,t-jb =k swrd pw ḏd n =k ;F21 G17 D21 V31 N35 A1 F4 D36 A1 W24 V31 A1 H6 Z7 G37 M16 G1 G43 Y1 Z2 M17 D36 N35a D36 X1 Z7 M17 Aa15 G17 D36 N35a D2 Z1 D50 Z2 V31 M17 Aa1 Y1 G43 N37 D58 A2 V31 G43 F30 D46 X1 A2 V31 S43 D46 G43 A2 V31 N35 M23 X1 N35 G7 F34 Z1 V31 G17 D36 V31 G43 N37 D58 A2 V31 D35 N35 N35 M17 X1 M17 X1 A2 M17 G43 D21 Z1 N35 O34 A1 Z1 N35 N41 G17 D36 I9 M23 G43 M17 G43 S43 D46 G43 A2 I9 D36 I9 G47 G1 G17 S28 N35 I9 D2 Z1 D4 D21 V31 G17 Aa1 D21 X1 Y1 Z2 F34 Z1 V31 S29 G36 D21 D46 G37 Q3 Z7 I10 D46 N35 V31;;;;;
〈Stele des Nebipusenwosret (BM EA 101)〉 (gezeichnet);SteleNebipusenwosret_gezeichnet.jpg;May the sight of the keeper of the royal diadem, the attendant of the palace, Nebipusenusret, be open, so that he may see the beauty of Wepwawet in his beautiful procession, when he comes in peace to his palace of joy, the hour-priests of the temple being in jubilation.  ;wn ḥr n(,j) jr,j-nfr-ḥꜣ,t šms,w-pr-ꜥꜣ Nb≡(j)-pw-Z-n-wsr,t mꜣ =f nfr.pl Wp-wꜣ,t.pl m pr.t =f nfr.t jwi̯ =f m ḥtp(,w) r ꜥḥ =f n(,j) nḏm-jb wnw,t-ḥw,t-nṯr m ḥꜥꜥ,wt ;E34 N35 O31 D2 N35 A48 F35 F4 X1 T18 G43 O1 O29 O1 V30 Q3 G43 F12 S29 D21 X1 O34 N35 U1 D4 I9 F35 F35 F35 F13 N31 X1 Z2 E18 G17 O1 D21 X1 D54 I9 F35 D21 X1 D54 G43 I9 G17 G17 R4 D21 O11 I9 N35 M29 G17 F34 E34 N35 X1 N14 R8 O7 O1 G17 V28 D36 D36 A28 G43 X1 ;;;;;
〈Stele des Nebipusenwosret (BM EA 101)〉 (Ausschnitt);SteleNebipusenwosret_Ausschnitt.jpg;"beloved of Osiris Wenennefer, lord of Abydos,  May the sight of the keeper of the royal diadem, the attendant of the palace, Nebipusenusret, be open, so that he may see Osiris justified in front of the Two Enneads, resting in his palace, being happy enduringly.  ""I am content with it,"" says the desert.";mri̯.y Wsjr-Wnn-nfr nb-ꜣbḏ,w wn ḥr n(,j) jr,j-nfr-ḥꜣ,t šms,w-pr-ꜥꜣ Nb≡(j)-pw-Z-n-wsr,t mꜣ =f Wsjr mꜣꜥ-ḫrw =f m-bꜣḥ psḏ,tj ḥtp =f m ꜥḥ =f ꜣwi̯(.w) jb =f ḏ,t ḥtp.kw(j) ḥr =s j.n zmj,t;U6 M17 M17 D4 Q1 E34 N35 N35 F35 V30 U23 D58 N26 O49 E34 N35 O31 D2 N35 A48 F35 F4 X1 T18 G43 O1 O29 O1 V30 Q3 G43 F12 S29 D21 X1 O34 N35 U1 D4 G1 I9 Q1 D4 A40 U4 D36 Aa1 D21 P8 I9 G17 D52 Z1 N9 X1 R8A X1 Z4 R4 X1 Q3 I9 G17 O11 I9 F40 G43 F34 Z1 I9 I10 X1 N17 R4 V31 G43 D2 D21 S29 M17 N35 O34 X1 N25 ;;;;;
〈Stele des Ameny (Louvre C 172)〉 (oben);SteleAmeny_oben.jpg;" Year 3 under the majesty of King of Upper and Lower Egypt 𓍹Nebukaure𓍺, given life for ever. The dignified accompanying seal-bearer Ameny says:  ""I was a leader of works, one watchful of that which was ordered to him, master of counsel, one strong of leadership (?), one sharp-witted among his equals.  The overseer of works appointed me as a leader of that which is and that which is not, because I was more beneficient and more excellent in his heart than any hall-keeper who was with him.  I directed work in the temples of the gods of Upper and Lower Egypt.";rnp,t-zp 3 ḫr ḥm n(,j) nswt-bj,tj Nbw-kꜣ,pl-Rꜥw ḏi̯ ꜥnḫ ḏ,t jmꜣḫ,y ḫtm,w-n(,j)-šms Jmn,y ḏd =f jnk ḫrp kꜣ,t rs tp ḥr wḏ.t n =f nb zḫr qn ḫrp,t pgꜣ ḥr m-ḥr(,j)-jb mj,tw.pl =f rḏi̯.n wj jm,j-rʾ-kꜣ,t m ḫrp n,tt jw,tt n mnḫ =j n jqr =j ḥr jb =f r jr(,j)-ꜥ,t nb n,ty ḫr =f jw ḫrp.n =(j) kꜣ,t m rʾ.pl-pr.pl n.w nṯr.pl Šmꜥ,w tꜣ-mḥ,w;M4 X1 O50 Z2 Aa1 D21 U36 Z1 N35 M23 X1 L2 X1 N5 S12 D28 D28 D28 X8 S34 I10 X1 N17 F39 Aa1 M17 M17 S19 G43 N35 T18 S29 M17 Y5 N35 M17a I10 D46 I9 W24 V31 Aa1 D21 Q3 D40 D28 X1 A9 D21 S29 T13 D1 D2 Z1 V24 I10 X1 Y1 N35 I9 V30 O34 Aa1 D21 N29 N35 D40 Aa1 Q3 X1 D21 D40 Q3 W11 G1 D32 D2 G17 D2 F34 D21 W19 X1 G43  Z2 I9 D21 D37 N35 G43 A1 G17 D21 D28 X1 A9 G17 Aa1 D21 Q3 D40 N35 X1 X1 D35 X1 X1 Y1 N35 Y5 Aa1 U22 A1 N35 M17 N29 D21 A1 D2 F34 I9 D21 M17 D21 D36 X1 O1 A1 V30 N35 X1 Z4 Aa1 D21 I9 M17 G43 Aa1 D21 Q3 D40 N35 D28 X1 A9 G17 D21 D21 D21 O1 O1 O1 W24 Z1 R8a M26 M16 ;;;;;
〈Stele des Ameny (Louvre C 172)〉 (unten);SteleAmeny_unten.jpg;"I was a possessor of charm, one sweet of love.  The dignified one, leader of works, accompanying seal-bearer, Ameny says:  O all people who shall pass by this tomb-chapel faring downstream or upstream, as Khontamenti, Lord of Abydos, loves and praises you, may you say: ""A thousand of all good things for the dignified accompanying seal-bearer Ameny, justified. ";jnk nb jꜣm,t bnr mrw,t jmꜣḫ,y ḫrp-kꜣ,t ḫtm,w-n(,j)-šms Jmn,y ḏd =f j r(m)ṯ.pl nb.t swꜣ.t(j) =sn ḥr mꜥḥꜥ,t tn m ḫd m ḫsf.yt m {mrj}〈mrr〉 ṯn ḥzz ṯn Ḫnt,j-jmn,tjw nb-Ꜣbḏw ḏd =ṯn ḫꜣ m (j)ḫ,t nb(.t) n jmꜣḫ(,w) ḫtm,w-n(,j)-šms Jmn,y mꜣꜥ-ḫrw;W24 V31 V30 M1 X1 Y1 D58 N35 D21 M30 U6 G43 X1 M17 F39 Aa1 M17a Aa1 D21 Q3 D40 D28 X1 A9 S19 G43 N35 T18 S29 M17 Y5 N35 M17 M17 I10 D46 I9 M17 A26 D21 V13 A1 B1 Z2 V30 X1 S29 V4 D54 X1 S29 N35 D2 G17 P6 X1 O1 X1 N35 G17 Aa1 D46 P1 G17 Aa1 U35 M17 M17 X1 P2 G17 U6 M17 M6 V13 N35 V28 W14 O34 O34 V13 N35 W17 R13 G4a A40 V30 U23 D58 N26 O49 I10 D46 V13 N35 M12 G17 Aa1 X1 V30 N35 F39 Aa1 S19 G43 N35 T18 S29 M17 Y5 N35 M17a Aa11 P8;;;;;
〈Stele des Sa-Montu (BM EA 828)〉 (waagerecht);SteleSamonth_waagerecht.jpg;"An offering which the king gives and which Chentamenti, lord of Abydos (gives); may he give an invocation offering of bread and beer, bulls and fowl, alabaster and linen to the dignified one, the scribe of the royal register, Samontu. A funerary meal. Bringing of choice pieces, ... and all vegetables. His beloved wife";ḥtp-ḏi̯-nswt Ḫnt(,j)-jmn,t(,j.pl) nb-ꜣbḏw ḏi̯ =f pr,t-ḫrw tʾ ḥnq,t kꜣ ꜣpd šs mnḫ,t n jmꜣḫ(,w) zẖꜣ(,w)-ꜥ-n(,j)-nswt Zꜣ-Mnṯ,w dbḥ,t-ḥtp sḫpi̯.t stp,t ___ rnp(,wt.pl) nb(.t) ḥm,t =f mri̯.t =f;M23 X1 R4 X8 W18 X1 R13 V30 U23 D58 N26 O49 D36 I9 O70 X2 W22 F63 H1 V6 S27 N35 M17 F39 Aa1 M23 D36 N35 Y4 Y5 N35 V13 G39 D46 F18 X1 R4 X1 Q3 S29 Aa1 Q3 X1 D54 U21 Q3 X1 F23 F44 W6 Z2 M4 M39 V30 N42 X1 I9 U6 D21 X1 I9 ;;;;;
〈Stele des Sa-Montu (BM EA 828)〉 (senkrecht);SteleSamonth_senkrecht.jpg;The hereditary noble and local prince, seal-barer of the king, the sole friend, the trusted one of Horus lord of the palace, who does what he (= Horus) praises every day, scribe of the royal register, Samontu, lord of dignity, says: I was born in the time of the majesty of the King of Upper and Lower Egypt 𓍹Shetepibre𓍺 (= Amenemhat I), justified. I was a child who tied the fillet under His Majesty, (the one) who departed in peace, the king of Upper and Lower Egypt 𓍹Kheperkare𓍺 (= Sesostris I), who lives for ever. His majesty appointed me as scribe of the prison of trial. He praised me for it greatly. His majesty appointed me as (oder: versetzte mich zum) scribe of the cadaster, and His Majesty praised me for it greatly. ;(j)r(,j)-pꜥ(,t) ḥꜣ,tj-ꜥ ḫtm,tj-bj,tj smr-wꜥ〈,tj〉 jm(,j)-jb-Ḥr(,w) nb ꜥḥ jrr ḥss.t =f rꜥw-nb zẖꜣ(,w)-ꜥ-n(,j)-nswt Zꜣ-Mnṯ,w nb jmꜣḫ ḏd =f msi̯(.w) =j m rk ḥm n(,j) nswt-bj,tj Sḥtp-jb-Rꜥw mꜣꜥ-ḫrw jnk ẖrd ṯ(ꜣ)s mḏḥ ḫr ḥm =f sḏꜣ(.w) m ḥtp(,w) nswt-bj,tj Ḫpr-kꜣ-Rꜥw ꜥnḫ(.w) ḏ,t ḏi̯ (w)j ḥm =f m zẖꜣ(,w)-n(,j)-ḫnr,t-n(,j)-sḏm jw ḥzi̯.n =f w(j) ḥr =f r-ꜥꜣ,t-wr,t rḏi̯ (w)j ḥm =f r zẖꜣ(,w)-n(,j)-ṯmꜣ ḥzi̯ wj ḥm =f ḥr =f r-ꜥꜣ,t-wr,t;D21 Q3 D36 F4 D36 L2 X1 S19 S29 U23 T21 D36 G5 M17 Z11 F34 V30 O12 D4 D21 W14 O34 O34 X1 I9 N5 Z1 V30 M23 X1 N35 D36 N35 Y4 Y5 N35 V13 G43 G39 V30 F39 Z1 I10 D46 I9 F31 S29 A1 G17 D21 V31 U36 Z1 N35 M23 X1 L2 X1 N5 S29 R4 X1 Q3 F34 Aa12 P8 W24 V31 A17 S24 S10 Aa1 D21 U36 Z1 I9 S29 U28 G17 R4 X1 Q3 M23 X1 L2 X1 N5 L1 D28 S34 I10 X1 N17 X8 A1 U36 Z1 I9 G17 Y3 A1 N35 U31 X1 O1 N35 F21 A1 M17 G43 W14 N35 I9 G43 D2 Z1 I9 D21 O29 X1 G36 X1 D21 X8 A1 U36 Z1 I9 D21 Y3 A1 N35 V13 U1 Aa6 W14 G43 A1 U36 I9 D2 I9 D21 O29 X1 G36 X1 ;;;;;
